Transaction ID,Cardholder ID,Transaction Amount,Merchant Type,Location,Time of Transaction,Is Fraud
TID000001,CH001,1878.96,Travel,Houston,01-01-2025 00:00,0
TID000002,CH002,4754.06,Travel,Los Angeles,01-01-2025 01:00,0
TID000003,CH003,3662.65,Electronics,Los Angeles,01-01-2025 02:00,0
TID000004,CH004,2997.31,Grocery,Los Angeles,01-01-2025 03:00,0
TID000005,CH005,788.53,Grocery,Chicago,01-01-2025 04:00,0
TID000006,CH006,788.41,Travel,Los Angeles,01-01-2025 05:00,0
TID000007,CH007,299.84,Electronics,Chicago,01-01-2025 06:00,0
TID000008,CH008,4332.22,Grocery,New York,01-01-2025 07:00,0
TID000009,CH009,3009.56,Travel,New York,01-01-2025 08:00,0
TID000010,CH010,3543.28,Retail,Chicago,01-01-2025 09:00,0
TID000011,CH011,112.72,Travel,Phoenix,01-01-2025 10:00,0
TID000012,CH012,4849.85,Grocery,New York,01-01-2025 11:00,1
TID000013,CH013,4163.89,Travel,New York,01-01-2025 12:00,0
TID000014,CH014,1069.57,Electronics,Los Angeles,01-01-2025 13:00,0
TID000015,CH015,917.31,Grocery,Houston,01-01-2025 14:00,0
TID000016,CH016,925.19,Grocery,Houston,01-01-2025 15:00,0
TID000017,CH017,1528.17,Retail,Phoenix,01-01-2025 16:00,0
TID000018,CH018,2628.53,Travel,Houston,01-01-2025 17:00,0
TID000019,CH019,2165.41,Retail,Los Angeles,01-01-2025 18:00,0
TID000020,CH020,1463.23,Retail,Chicago,01-01-2025 19:00,0
TID000021,CH021,3063.15,Electronics,Houston,01-01-2025 20:00,0
TID000022,CH022,706.07,Electronics,Chicago,01-01-2025 21:00,0
TID000023,CH023,1467.8,Restaurant,Los Angeles,01-01-2025 22:00,0
TID000024,CH024,1838.15,Retail,New York,01-01-2025 23:00,1
TID000025,CH025,2285.79,Restaurant,Chicago,02-01-2025 00:00,0
TID000026,CH026,3928.03,Grocery,New York,02-01-2025 01:00,0
TID000027,CH027,1006.37,Travel,New York,02-01-2025 02:00,0
TID000028,CH028,2576.03,Electronics,Phoenix,02-01-2025 03:00,0
TID000029,CH029,2966.15,Grocery,Houston,02-01-2025 04:00,0
TID000030,CH030,241.79,Travel,Chicago,02-01-2025 05:00,0
TID000031,CH031,3041.65,Electronics,Chicago,02-01-2025 06:00,0
TID000032,CH032,860.92,Electronics,Los Angeles,02-01-2025 07:00,0
TID000033,CH033,334.61,Retail,Chicago,02-01-2025 08:00,0
TID000034,CH034,4744.94,Travel,Houston,02-01-2025 09:00,0
TID000035,CH035,4828.5,Travel,Chicago,02-01-2025 10:00,0
TID000036,CH036,4043.9,Retail,Houston,02-01-2025 11:00,0
TID000037,CH037,1530.02,Retail,New York,02-01-2025 12:00,0
TID000038,CH038,497.38,Retail,Houston,02-01-2025 13:00,0
TID000039,CH039,3424.32,Electronics,Los Angeles,02-01-2025 14:00,0
TID000040,CH040,2206.36,Restaurant,New York,02-01-2025 15:00,0
TID000041,CH041,618.97,Electronics,New York,02-01-2025 16:00,0
TID000042,CH042,2480.93,Restaurant,Phoenix,02-01-2025 17:00,0
TID000043,CH043,181.6,Travel,New York,02-01-2025 18:00,0
TID000044,CH044,4547.51,Electronics,Houston,02-01-2025 19:00,0
TID000045,CH045,1301.31,Grocery,Houston,02-01-2025 20:00,0
TID000046,CH046,3315.99,Electronics,Houston,02-01-2025 21:00,0
TID000047,CH047,1565.44,Travel,New York,02-01-2025 22:00,0
TID000048,CH048,2605.14,Travel,Phoenix,02-01-2025 23:00,0
TID000049,CH049,2738.08,Restaurant,Los Angeles,03-01-2025 00:00,0
TID000050,CH050,932.42,Electronics,New York,03-01-2025 01:00,0
TID000051,CH051,4848.23,Travel,Los Angeles,03-01-2025 02:00,0
TID000052,CH052,3877.91,Electronics,Houston,03-01-2025 03:00,0
TID000053,CH053,4698.1,Restaurant,Houston,03-01-2025 04:00,0
TID000054,CH054,4475.19,Electronics,Los Angeles,03-01-2025 05:00,0
TID000055,CH055,2993.52,Grocery,Chicago,03-01-2025 06:00,1
TID000056,CH056,4610.15,Retail,Chicago,03-01-2025 07:00,0
TID000057,CH057,451.58,Travel,Chicago,03-01-2025 08:00,0
TID000058,CH058,987.95,Travel,Los Angeles,03-01-2025 09:00,0
TID000059,CH059,235.68,Travel,New York,03-01-2025 10:00,0
TID000060,CH060,1633.4,Travel,Chicago,03-01-2025 11:00,0
TID000061,CH061,1949.5,Grocery,Chicago,03-01-2025 12:00,0
TID000062,CH062,1364.03,Electronics,Chicago,03-01-2025 13:00,1
TID000063,CH063,4145.4,Grocery,New York,03-01-2025 14:00,0
TID000064,CH064,1790.2,Grocery,Houston,03-01-2025 15:00,0
TID000065,CH065,1411.86,Grocery,Phoenix,03-01-2025 16:00,0
TID000066,CH066,2718.05,Electronics,Los Angeles,03-01-2025 17:00,0
TID000067,CH067,713.21,Retail,New York,03-01-2025 18:00,0
TID000068,CH068,4012.96,Grocery,Houston,03-01-2025 19:00,0
TID000069,CH069,382.01,Electronics,Houston,03-01-2025 20:00,0
TID000070,CH070,4934.57,Retail,Houston,03-01-2025 21:00,0
TID000071,CH071,3863.5,Travel,Houston,03-01-2025 22:00,0
TID000072,CH072,1001.59,Retail,New York,03-01-2025 23:00,0
TID000073,CH073,37.56,Retail,Phoenix,04-01-2025 00:00,0
TID000074,CH074,4079.15,Electronics,New York,04-01-2025 01:00,0
TID000075,CH075,3537.22,Electronics,Chicago,04-01-2025 02:00,1
TID000076,CH076,3647.75,Retail,Houston,04-01-2025 03:00,0
TID000077,CH077,3858.64,Grocery,Los Angeles,04-01-2025 04:00,0
TID000078,CH078,379.48,Travel,Phoenix,04-01-2025 05:00,0
TID000079,CH079,1798.74,Electronics,Chicago,04-01-2025 06:00,0
TID000080,CH080,588.19,Electronics,Los Angeles,04-01-2025 07:00,0
TID000081,CH081,4316.89,Travel,Chicago,04-01-2025 08:00,0
TID000082,CH082,3120.26,Travel,Chicago,04-01-2025 09:00,0
TID000083,CH083,1661.18,Travel,Houston,04-01-2025 10:00,0
TID000084,CH084,327.16,Grocery,Los Angeles,04-01-2025 11:00,0
TID000085,CH085,1561.8,Grocery,Chicago,04-01-2025 12:00,0
TID000086,CH086,1632.66,Travel,Phoenix,04-01-2025 13:00,0
TID000087,CH087,3650.73,Travel,Chicago,04-01-2025 14:00,0
TID000088,CH088,3191.41,Retail,Phoenix,04-01-2025 15:00,0
TID000089,CH089,4437.19,Travel,Houston,04-01-2025 16:00,1
TID000090,CH090,2366.35,Travel,Houston,04-01-2025 17:00,0
TID000091,CH091,606.78,Restaurant,Los Angeles,04-01-2025 18:00,0
TID000092,CH092,3569.09,Grocery,New York,04-01-2025 19:00,0
TID000093,CH093,3806.32,Electronics,Phoenix,04-01-2025 20:00,0
TID000094,CH094,2810.77,Electronics,New York,04-01-2025 21:00,0
TID000095,CH095,3857.13,Restaurant,Phoenix,04-01-2025 22:00,0
TID000096,CH096,2474.04,Retail,Los Angeles,04-01-2025 23:00,0
TID000097,CH097,2618.44,Electronics,Houston,05-01-2025 00:00,0
TID000098,CH098,2143.43,Retail,Houston,05-01-2025 01:00,0
TID000099,CH099,136.84,Travel,Los Angeles,05-01-2025 02:00,0
TID000100,CH000,548.38,Restaurant,Chicago,05-01-2025 03:00,0
TID000101,CH001,166.83,Grocery,Houston,05-01-2025 04:00,0
TID000102,CH002,3185.69,Retail,Los Angeles,05-01-2025 05:00,1
TID000103,CH003,1578.64,Travel,Phoenix,05-01-2025 06:00,0
TID000104,CH004,2547.77,Electronics,Phoenix,05-01-2025 07:00,0
TID000105,CH005,4538.76,Restaurant,Houston,05-01-2025 08:00,1
TID000106,CH006,1253.97,Electronics,New York,05-01-2025 09:00,0
TID000107,CH007,2057.81,Grocery,Los Angeles,05-01-2025 10:00,0
TID000108,CH008,3780.2,Retail,Phoenix,05-01-2025 11:00,0
TID000109,CH009,1151.7,Grocery,Phoenix,05-01-2025 12:00,0
TID000110,CH010,394.13,Restaurant,Chicago,05-01-2025 13:00,0
TID000111,CH011,1455.86,Travel,Phoenix,05-01-2025 14:00,0
TID000112,CH012,814.49,Travel,Houston,05-01-2025 15:00,0
TID000113,CH013,4649.19,Electronics,Houston,05-01-2025 16:00,0
TID000114,CH014,4042.52,Travel,Chicago,05-01-2025 17:00,0
TID000115,CH015,3170.68,Grocery,Phoenix,05-01-2025 18:00,0
TID000116,CH016,4358.59,Grocery,Los Angeles,05-01-2025 19:00,0
TID000117,CH017,4020.32,Restaurant,Los Angeles,05-01-2025 20:00,0
TID000118,CH018,940.98,Travel,Los Angeles,05-01-2025 21:00,0
TID000119,CH019,4463.87,Electronics,Phoenix,05-01-2025 22:00,0
TID000120,CH020,2701.32,Electronics,Chicago,05-01-2025 23:00,0
TID000121,CH021,4039.13,Grocery,Los Angeles,06-01-2025 00:00,0
TID000122,CH022,4481.5,Grocery,Los Angeles,06-01-2025 01:00,1
TID000123,CH023,1596.84,Restaurant,New York,06-01-2025 02:00,0
TID000124,CH024,559.16,Electronics,Chicago,06-01-2025 03:00,0
TID000125,CH025,1147.4,Retail,Chicago,06-01-2025 04:00,0
TID000126,CH026,2141.27,Grocery,Houston,06-01-2025 05:00,0
TID000127,CH027,4091.89,Electronics,New York,06-01-2025 06:00,0
TID000128,CH028,4305.05,Retail,Los Angeles,06-01-2025 07:00,0
TID000129,CH029,44.69,Travel,Los Angeles,06-01-2025 08:00,0
TID000130,CH030,2558.63,Restaurant,Chicago,06-01-2025 09:00,0
TID000131,CH031,2092.88,Restaurant,Chicago,06-01-2025 10:00,0
TID000132,CH032,1118.32,Electronics,Phoenix,06-01-2025 11:00,0
TID000133,CH033,608.13,Electronics,Chicago,06-01-2025 12:00,0
TID000134,CH034,1694.7,Electronics,Houston,06-01-2025 13:00,0
TID000135,CH035,4715.12,Grocery,Phoenix,06-01-2025 14:00,0
TID000136,CH036,1622.78,Restaurant,Phoenix,06-01-2025 15:00,0
TID000137,CH037,2598.77,Retail,New York,06-01-2025 16:00,0
TID000138,CH038,3518.06,Electronics,Houston,06-01-2025 17:00,0
TID000139,CH039,1824.51,Restaurant,Chicago,06-01-2025 18:00,0
TID000140,CH040,4859.19,Retail,Houston,06-01-2025 19:00,0
TID000141,CH041,4812.61,Restaurant,Chicago,06-01-2025 20:00,0
TID000142,CH042,1266.39,Retail,Phoenix,06-01-2025 21:00,0
TID000143,CH043,2491.27,Retail,Phoenix,06-01-2025 22:00,0
TID000144,CH044,1511.38,Electronics,New York,06-01-2025 23:00,0
TID000145,CH045,1431.35,Restaurant,Houston,07-01-2025 00:00,0
TID000146,CH046,194.07,Electronics,Los Angeles,07-01-2025 01:00,0
TID000147,CH047,3051.73,Restaurant,Phoenix,07-01-2025 02:00,0
TID000148,CH048,2518.37,Grocery,Phoenix,07-01-2025 03:00,0
TID000149,CH049,266.88,Grocery,Houston,07-01-2025 04:00,0
TID000150,CH050,1400.45,Retail,Houston,07-01-2025 05:00,0
TID000151,CH051,4542.25,Restaurant,Houston,07-01-2025 06:00,0
TID000152,CH052,1205.41,Electronics,New York,07-01-2025 07:00,0
TID000153,CH053,733.03,Electronics,Chicago,07-01-2025 08:00,0
TID000154,CH054,2452.37,Retail,Phoenix,07-01-2025 09:00,0
TID000155,CH055,4928.4,Electronics,New York,07-01-2025 10:00,0
TID000156,CH056,1217.86,Electronics,Houston,07-01-2025 11:00,0
TID000157,CH057,3363.96,Travel,Los Angeles,07-01-2025 12:00,0
TID000158,CH058,3810.48,Grocery,New York,07-01-2025 13:00,0
TID000159,CH059,1195.81,Restaurant,New York,07-01-2025 14:00,0
TID000160,CH060,3643.8,Travel,Houston,07-01-2025 15:00,0
TID000161,CH061,1845.24,Travel,Chicago,07-01-2025 16:00,0
TID000162,CH062,3165.21,Electronics,Houston,07-01-2025 17:00,0
TID000163,CH063,3171.31,Travel,Chicago,07-01-2025 18:00,0
TID000164,CH064,2683.52,Electronics,Chicago,07-01-2025 19:00,0
TID000165,CH065,460.55,Restaurant,Phoenix,07-01-2025 20:00,0
TID000166,CH066,4178.16,Travel,New York,07-01-2025 21:00,0
TID000167,CH067,1610.69,Retail,Phoenix,07-01-2025 22:00,0
TID000168,CH068,940.73,Grocery,Phoenix,07-01-2025 23:00,0
TID000169,CH069,213.47,Restaurant,Houston,08-01-2025 00:00,0
TID000170,CH070,2958.56,Grocery,Los Angeles,08-01-2025 01:00,0
TID000171,CH071,3391.05,Grocery,Los Angeles,08-01-2025 02:00,0
TID000172,CH072,92.77,Restaurant,Phoenix,08-01-2025 03:00,1
TID000173,CH073,2565.34,Retail,Houston,08-01-2025 04:00,0
TID000174,CH074,1140.21,Restaurant,Phoenix,08-01-2025 05:00,0
TID000175,CH075,3229.41,Electronics,New York,08-01-2025 06:00,0
TID000176,CH076,880.09,Retail,Houston,08-01-2025 07:00,0
TID000177,CH077,3457.78,Restaurant,Los Angeles,08-01-2025 08:00,0
TID000178,CH078,1939.81,Travel,Los Angeles,08-01-2025 09:00,0
TID000179,CH079,4684.28,Electronics,Houston,08-01-2025 10:00,0
TID000180,CH080,696.23,Retail,New York,08-01-2025 11:00,0
TID000181,CH081,1711.92,Restaurant,Phoenix,08-01-2025 12:00,1
TID000182,CH082,576.23,Travel,Houston,08-01-2025 13:00,0
TID000183,CH083,4624.22,Restaurant,Chicago,08-01-2025 14:00,0
TID000184,CH084,4387.92,Restaurant,Phoenix,08-01-2025 15:00,0
TID000185,CH085,1297.13,Grocery,Houston,08-01-2025 16:00,0
TID000186,CH086,3303.32,Travel,New York,08-01-2025 17:00,0
TID000187,CH087,4087.94,Grocery,Phoenix,08-01-2025 18:00,0
TID000188,CH088,2780.45,Restaurant,Phoenix,08-01-2025 19:00,0
TID000189,CH089,2652.96,Electronics,Phoenix,08-01-2025 20:00,0
TID000190,CH090,1216.84,Grocery,Phoenix,08-01-2025 21:00,0
TID000191,CH091,474.58,Restaurant,New York,08-01-2025 22:00,0
TID000192,CH092,4487.11,Grocery,New York,08-01-2025 23:00,0
TID000193,CH093,4503.09,Grocery,New York,09-01-2025 00:00,0
TID000194,CH094,3169.18,Retail,Houston,09-01-2025 01:00,0
TID000195,CH095,1701.76,Retail,Houston,09-01-2025 02:00,0
TID000196,CH096,1752.56,Electronics,Houston,09-01-2025 03:00,0
TID000197,CH097,3632.52,Electronics,Chicago,09-01-2025 04:00,1
TID000198,CH098,4486.58,Grocery,Phoenix,09-01-2025 05:00,1
TID000199,CH099,4436.56,Travel,Chicago,09-01-2025 06:00,0
TID000200,CH000,3901.58,Restaurant,Phoenix,09-01-2025 07:00,0
TID000201,CH001,3213.74,Electronics,New York,09-01-2025 08:00,0
TID000202,CH002,429.86,Retail,Houston,09-01-2025 09:00,0
TID000203,CH003,816.53,Retail,Houston,09-01-2025 10:00,0
TID000204,CH004,4493.79,Travel,New York,09-01-2025 11:00,0
TID000205,CH005,3036.08,Electronics,New York,09-01-2025 12:00,0
TID000206,CH006,55.89,Restaurant,New York,09-01-2025 13:00,0
TID000207,CH007,516.34,Grocery,New York,09-01-2025 14:00,0
TID000208,CH008,3320.87,Retail,Houston,09-01-2025 15:00,0
TID000209,CH009,35.26,Electronics,Phoenix,09-01-2025 16:00,0
TID000210,CH010,812.43,Grocery,Phoenix,09-01-2025 17:00,1
TID000211,CH011,2748.18,Electronics,Phoenix,09-01-2025 18:00,0
TID000212,CH012,3462.56,Restaurant,Chicago,09-01-2025 19:00,0
TID000213,CH013,3263.29,Retail,Los Angeles,09-01-2025 20:00,0
TID000214,CH014,1129.1,Electronics,Chicago,09-01-2025 21:00,0
TID000215,CH015,3563.77,Restaurant,Phoenix,09-01-2025 22:00,0
TID000216,CH016,1193.87,Restaurant,Phoenix,09-01-2025 23:00,0
TID000217,CH017,1633.74,Retail,New York,10-01-2025 00:00,0
TID000218,CH018,3734.99,Restaurant,Chicago,10-01-2025 01:00,0
TID000219,CH019,3251.67,Grocery,Chicago,10-01-2025 02:00,0
TID000220,CH020,4247.62,Restaurant,Los Angeles,10-01-2025 03:00,0
TID000221,CH021,3291.49,Travel,Chicago,10-01-2025 04:00,1
TID000222,CH022,2845.86,Travel,New York,10-01-2025 05:00,0
TID000223,CH023,477.44,Grocery,Chicago,10-01-2025 06:00,0
TID000224,CH024,1844.9,Grocery,New York,10-01-2025 07:00,0
TID000225,CH025,1333.36,Restaurant,Houston,10-01-2025 08:00,0
TID000226,CH026,1227.51,Retail,Los Angeles,10-01-2025 09:00,0
TID000227,CH027,4865.32,Travel,Phoenix,10-01-2025 10:00,0
TID000228,CH028,1971.56,Electronics,Chicago,10-01-2025 11:00,0
TID000229,CH029,4461.31,Travel,New York,10-01-2025 12:00,1
TID000230,CH030,3159.38,Grocery,Houston,10-01-2025 13:00,0
TID000231,CH031,3976.11,Grocery,Chicago,10-01-2025 14:00,0
TID000232,CH032,2518.16,Restaurant,Phoenix,10-01-2025 15:00,0
TID000233,CH033,2888.75,Restaurant,Chicago,10-01-2025 16:00,0
TID000234,CH034,2467.66,Electronics,Houston,10-01-2025 17:00,0
TID000235,CH035,984.26,Retail,New York,10-01-2025 18:00,0
TID000236,CH036,3615.04,Restaurant,New York,10-01-2025 19:00,0
TID000237,CH037,1411.05,Grocery,Phoenix,10-01-2025 20:00,0
TID000238,CH038,131.34,Restaurant,Houston,10-01-2025 21:00,0
TID000239,CH039,3230.91,Restaurant,Phoenix,10-01-2025 22:00,1
TID000240,CH040,893.78,Travel,Los Angeles,10-01-2025 23:00,0
TID000241,CH041,4702.89,Grocery,New York,11-01-2025 00:00,0
TID000242,CH042,4770.1,Electronics,Phoenix,11-01-2025 01:00,0
TID000243,CH043,4575.17,Travel,Phoenix,11-01-2025 02:00,0
TID000244,CH044,1857.09,Grocery,Phoenix,11-01-2025 03:00,0
TID000245,CH045,87.13,Electronics,New York,11-01-2025 04:00,0
TID000246,CH046,4642.31,Travel,Chicago,11-01-2025 05:00,0
TID000247,CH047,2146.64,Retail,Houston,11-01-2025 06:00,0
TID000248,CH048,4833.61,Travel,New York,11-01-2025 07:00,0
TID000249,CH049,4818.46,Grocery,Chicago,11-01-2025 08:00,0
TID000250,CH050,4266.52,Electronics,New York,11-01-2025 09:00,0
TID000251,CH051,1479.3,Restaurant,New York,11-01-2025 10:00,0
TID000252,CH052,1931.64,Electronics,Houston,11-01-2025 11:00,0
TID000253,CH053,4257.17,Restaurant,New York,11-01-2025 12:00,0
TID000254,CH054,1591.44,Restaurant,Phoenix,11-01-2025 13:00,0
TID000255,CH055,855.77,Restaurant,Los Angeles,11-01-2025 14:00,0
TID000256,CH056,2788.44,Restaurant,Houston,11-01-2025 15:00,0
TID000257,CH057,4681.41,Travel,Houston,11-01-2025 16:00,0
TID000258,CH058,3483.19,Electronics,Los Angeles,11-01-2025 17:00,0
TID000259,CH059,2854.61,Travel,Houston,11-01-2025 18:00,0
TID000260,CH060,494.91,Electronics,Phoenix,11-01-2025 19:00,0
TID000261,CH061,3078.89,Restaurant,New York,11-01-2025 20:00,0
TID000262,CH062,4950.37,Retail,Houston,11-01-2025 21:00,0
TID000263,CH063,709.02,Restaurant,Los Angeles,11-01-2025 22:00,0
TID000264,CH064,2596.46,Grocery,Chicago,11-01-2025 23:00,0
TID000265,CH065,4388.09,Grocery,Houston,12-01-2025 00:00,0
TID000266,CH066,3706.44,Retail,Chicago,12-01-2025 01:00,0
TID000267,CH067,3488.11,Electronics,New York,12-01-2025 02:00,0
TID000268,CH068,3515.4,Electronics,Phoenix,12-01-2025 03:00,0
TID000269,CH069,1803.86,Retail,Phoenix,12-01-2025 04:00,0
TID000270,CH070,1475.02,Restaurant,Phoenix,12-01-2025 05:00,0
TID000271,CH071,4048.71,Electronics,Los Angeles,12-01-2025 06:00,0
TID000272,CH072,4052.47,Restaurant,Los Angeles,12-01-2025 07:00,0
TID000273,CH073,4336.69,Restaurant,Chicago,12-01-2025 08:00,0
TID000274,CH074,4567.07,Grocery,Phoenix,12-01-2025 09:00,0
TID000275,CH075,2561.6,Restaurant,Chicago,12-01-2025 10:00,0
TID000276,CH076,2512.57,Restaurant,Los Angeles,12-01-2025 11:00,0
TID000277,CH077,3993.49,Electronics,Chicago,12-01-2025 12:00,0
TID000278,CH078,3253.32,Retail,Houston,12-01-2025 13:00,1
TID000279,CH079,3512.81,Restaurant,New York,12-01-2025 14:00,0
TID000280,CH080,3981.01,Electronics,New York,12-01-2025 15:00,0
TID000281,CH081,4451.13,Restaurant,Los Angeles,12-01-2025 16:00,0
TID000282,CH082,1696.6,Travel,Phoenix,12-01-2025 17:00,0
TID000283,CH083,1884.16,Travel,Houston,12-01-2025 18:00,0
TID000284,CH084,478.97,Travel,Houston,12-01-2025 19:00,0
TID000285,CH085,2895.62,Restaurant,Chicago,12-01-2025 20:00,0
TID000286,CH086,189.35,Electronics,Chicago,12-01-2025 21:00,0
TID000287,CH087,2333.33,Travel,Phoenix,12-01-2025 22:00,0
TID000288,CH088,2717.8,Grocery,Phoenix,12-01-2025 23:00,0
TID000289,CH089,1439.84,Electronics,Houston,13-01-2025 00:00,0
TID000290,CH090,2958.26,Electronics,Phoenix,13-01-2025 01:00,0
TID000291,CH091,162.2,Grocery,Houston,13-01-2025 02:00,0
TID000292,CH092,196.37,Electronics,Chicago,13-01-2025 03:00,0
TID000293,CH093,4114.78,Retail,Chicago,13-01-2025 04:00,0
TID000294,CH094,1807.35,Grocery,Los Angeles,13-01-2025 05:00,0
TID000295,CH095,644.03,Grocery,New York,13-01-2025 06:00,0
TID000296,CH096,2615.99,Retail,Houston,13-01-2025 07:00,0
TID000297,CH097,3852.27,Retail,Phoenix,13-01-2025 08:00,0
TID000298,CH098,1086.95,Electronics,New York,13-01-2025 09:00,0
TID000299,CH099,3118.22,Travel,Houston,13-01-2025 10:00,0
TID000300,CH000,435.88,Electronics,Phoenix,13-01-2025 11:00,0
TID000301,CH001,267.89,Grocery,Chicago,13-01-2025 12:00,0
TID000302,CH002,2661.46,Electronics,Los Angeles,13-01-2025 13:00,0
TID000303,CH003,2707.77,Travel,Phoenix,13-01-2025 14:00,0
TID000304,CH004,3190.78,Electronics,Phoenix,13-01-2025 15:00,0
TID000305,CH005,3633.2,Electronics,Los Angeles,13-01-2025 16:00,0
TID000306,CH006,4879.5,Grocery,New York,13-01-2025 17:00,0
TID000307,CH007,2586.34,Restaurant,Chicago,13-01-2025 18:00,0
TID000308,CH008,1621.55,Restaurant,Chicago,13-01-2025 19:00,0
TID000309,CH009,3977.98,Electronics,Los Angeles,13-01-2025 20:00,0
TID000310,CH010,1361.45,Electronics,New York,13-01-2025 21:00,0
TID000311,CH011,2200.47,Travel,Phoenix,13-01-2025 22:00,0
TID000312,CH012,401.5,Restaurant,Houston,13-01-2025 23:00,0
TID000313,CH013,136.5,Travel,Phoenix,14-01-2025 00:00,0
TID000314,CH014,4813.62,Electronics,Chicago,14-01-2025 01:00,0
TID000315,CH015,4181.54,Grocery,New York,14-01-2025 02:00,0
TID000316,CH016,3482.91,Grocery,New York,14-01-2025 03:00,0
TID000317,CH017,2050.68,Retail,Phoenix,14-01-2025 04:00,0
TID000318,CH018,874.74,Travel,Houston,14-01-2025 05:00,0
TID000319,CH019,790.62,Electronics,New York,14-01-2025 06:00,0
TID000320,CH020,1258.71,Electronics,Los Angeles,14-01-2025 07:00,0
TID000321,CH021,2750.64,Grocery,Chicago,14-01-2025 08:00,0
TID000322,CH022,3575.83,Restaurant,Houston,14-01-2025 09:00,0
TID000323,CH023,3304.38,Retail,Houston,14-01-2025 10:00,0
TID000324,CH024,1406.87,Retail,Phoenix,14-01-2025 11:00,0
TID000325,CH025,4774.78,Grocery,Phoenix,14-01-2025 12:00,1
TID000326,CH026,3692.11,Grocery,Los Angeles,14-01-2025 13:00,0
TID000327,CH027,2776.23,Travel,New York,14-01-2025 14:00,0
TID000328,CH028,3062.49,Retail,Chicago,14-01-2025 15:00,0
TID000329,CH029,2103.8,Electronics,Phoenix,14-01-2025 16:00,0
TID000330,CH030,1246.18,Travel,Chicago,14-01-2025 17:00,0
TID000331,CH031,1786.3,Grocery,Houston,14-01-2025 18:00,0
TID000332,CH032,3791.65,Electronics,Phoenix,14-01-2025 19:00,0
TID000333,CH033,81.82,Electronics,Chicago,14-01-2025 20:00,0
TID000334,CH034,589.2,Electronics,New York,14-01-2025 21:00,1
TID000335,CH035,239.55,Travel,Houston,14-01-2025 22:00,1
TID000336,CH036,213.24,Restaurant,Houston,14-01-2025 23:00,0
TID000337,CH037,4278.75,Retail,New York,15-01-2025 00:00,0
TID000338,CH038,3521.25,Restaurant,New York,15-01-2025 01:00,0
TID000339,CH039,2376.13,Electronics,Houston,15-01-2025 02:00,0
TID000340,CH040,498.19,Electronics,Chicago,15-01-2025 03:00,0
TID000341,CH041,2463.16,Travel,Houston,15-01-2025 04:00,0
TID000342,CH042,2372.62,Travel,Phoenix,15-01-2025 05:00,0
TID000343,CH043,874.28,Restaurant,Los Angeles,15-01-2025 06:00,0
TID000344,CH044,2174.92,Electronics,New York,15-01-2025 07:00,0
TID000345,CH045,1998.54,Grocery,New York,15-01-2025 08:00,0
TID000346,CH046,3083.09,Retail,Phoenix,15-01-2025 09:00,0
TID000347,CH047,3179.12,Retail,Houston,15-01-2025 10:00,0
TID000348,CH048,236.07,Restaurant,Houston,15-01-2025 11:00,0
TID000349,CH049,1879.32,Travel,Houston,15-01-2025 12:00,1
TID000350,CH050,3133.04,Electronics,New York,15-01-2025 13:00,0
TID000351,CH051,2520.65,Grocery,Phoenix,15-01-2025 14:00,0
TID000352,CH052,4283.88,Retail,Los Angeles,15-01-2025 15:00,0
TID000353,CH053,3296.88,Electronics,Phoenix,15-01-2025 16:00,0
TID000354,CH054,823.04,Electronics,Houston,15-01-2025 17:00,0
TID000355,CH055,362.14,Grocery,Los Angeles,15-01-2025 18:00,0
TID000356,CH056,3215.67,Retail,Houston,15-01-2025 19:00,0
TID000357,CH057,142.29,Retail,Los Angeles,15-01-2025 20:00,0
TID000358,CH058,2933.02,Grocery,Chicago,15-01-2025 21:00,0
TID000359,CH059,4701.75,Retail,Houston,15-01-2025 22:00,0
TID000360,CH060,2881.62,Grocery,Houston,15-01-2025 23:00,0
TID000361,CH061,1946.97,Travel,Houston,16-01-2025 00:00,0
TID000362,CH062,3220.01,Restaurant,Los Angeles,16-01-2025 01:00,0
TID000363,CH063,2296.68,Retail,Houston,16-01-2025 02:00,0
TID000364,CH064,2732.63,Travel,Los Angeles,16-01-2025 03:00,0
TID000365,CH065,4707.91,Restaurant,Chicago,16-01-2025 04:00,0
TID000366,CH066,1936.65,Retail,Los Angeles,16-01-2025 05:00,0
TID000367,CH067,4806.34,Travel,Chicago,16-01-2025 06:00,0
TID000368,CH068,4527.7,Electronics,Chicago,16-01-2025 07:00,0
TID000369,CH069,987,Electronics,Phoenix,16-01-2025 08:00,0
TID000370,CH070,356.11,Travel,Chicago,16-01-2025 09:00,0
TID000371,CH071,512.88,Electronics,New York,16-01-2025 10:00,1
TID000372,CH072,100.93,Restaurant,New York,16-01-2025 11:00,0
TID000373,CH073,481.27,Electronics,Los Angeles,16-01-2025 12:00,0
TID000374,CH074,3418.2,Restaurant,Phoenix,16-01-2025 13:00,0
TID000375,CH075,365.23,Retail,Phoenix,16-01-2025 14:00,0
TID000376,CH076,1601.69,Electronics,Houston,16-01-2025 15:00,0
TID000377,CH077,4225.93,Travel,Chicago,16-01-2025 16:00,0
TID000378,CH078,126.13,Restaurant,Los Angeles,16-01-2025 17:00,0
TID000379,CH079,4074.2,Restaurant,Houston,16-01-2025 18:00,0
TID000380,CH080,1416.46,Retail,Chicago,16-01-2025 19:00,0
TID000381,CH081,599.64,Retail,New York,16-01-2025 20:00,0
TID000382,CH082,3486.72,Travel,Houston,16-01-2025 21:00,0
TID000383,CH083,3148.42,Grocery,Phoenix,16-01-2025 22:00,1
TID000384,CH084,4388.59,Grocery,Phoenix,16-01-2025 23:00,0
TID000385,CH085,3678,Grocery,Chicago,17-01-2025 00:00,0
TID000386,CH086,4019.37,Retail,Chicago,17-01-2025 01:00,0
TID000387,CH087,1417.35,Electronics,Phoenix,17-01-2025 02:00,0
TID000388,CH088,895.42,Travel,New York,17-01-2025 03:00,0
TID000389,CH089,3755.57,Grocery,Phoenix,17-01-2025 04:00,1
TID000390,CH090,4036.11,Travel,Los Angeles,17-01-2025 05:00,0
TID000391,CH091,4952.62,Grocery,New York,17-01-2025 06:00,0
TID000392,CH092,2068.96,Electronics,Houston,17-01-2025 07:00,0
TID000393,CH093,1866.37,Restaurant,Chicago,17-01-2025 08:00,0
TID000394,CH094,3884.3,Restaurant,New York,17-01-2025 09:00,0
TID000395,CH095,1710.61,Grocery,Houston,17-01-2025 10:00,0
TID000396,CH096,4654.48,Grocery,Chicago,17-01-2025 11:00,0
TID000397,CH097,4293.48,Electronics,New York,17-01-2025 12:00,0
TID000398,CH098,2150.68,Electronics,Chicago,17-01-2025 13:00,0
TID000399,CH099,3756.85,Travel,Houston,17-01-2025 14:00,0
TID000400,CH000,3775.17,Travel,New York,17-01-2025 15:00,0
TID000401,CH001,524.59,Electronics,Los Angeles,17-01-2025 16:00,0
TID000402,CH002,4513.74,Restaurant,Los Angeles,17-01-2025 17:00,0
TID000403,CH003,2531.21,Retail,Chicago,17-01-2025 18:00,0
TID000404,CH004,4134.02,Restaurant,Houston,17-01-2025 19:00,0
TID000405,CH005,1607.05,Travel,New York,17-01-2025 20:00,0
TID000406,CH006,4478.66,Travel,New York,17-01-2025 21:00,0
TID000407,CH007,1952.12,Grocery,Chicago,17-01-2025 22:00,0
TID000408,CH008,64.08,Retail,Los Angeles,17-01-2025 23:00,0
TID000409,CH009,4527.86,Electronics,Chicago,18-01-2025 00:00,0
TID000410,CH010,465.52,Travel,Houston,18-01-2025 01:00,0
TID000411,CH011,1603.38,Grocery,Los Angeles,18-01-2025 02:00,0
TID000412,CH012,4750.81,Retail,New York,18-01-2025 03:00,0
TID000413,CH013,4753.53,Restaurant,Chicago,18-01-2025 04:00,0
TID000414,CH014,2871.46,Electronics,Houston,18-01-2025 05:00,0
TID000415,CH015,3162.87,Restaurant,Chicago,18-01-2025 06:00,0
TID000416,CH016,2247.74,Retail,Los Angeles,18-01-2025 07:00,0
TID000417,CH017,1473.12,Grocery,New York,18-01-2025 08:00,0
TID000418,CH018,1650.04,Restaurant,Houston,18-01-2025 09:00,0
TID000419,CH019,3365.87,Restaurant,New York,18-01-2025 10:00,0
TID000420,CH020,3764.35,Grocery,Houston,18-01-2025 11:00,0
TID000421,CH021,3959.98,Retail,New York,18-01-2025 12:00,0
TID000422,CH022,3950.19,Retail,New York,18-01-2025 13:00,0
TID000423,CH023,465.12,Electronics,Houston,18-01-2025 14:00,0
TID000424,CH024,2477.16,Retail,Los Angeles,18-01-2025 15:00,0
TID000425,CH025,297.22,Grocery,New York,18-01-2025 16:00,1
TID000426,CH026,2752.15,Electronics,New York,18-01-2025 17:00,1
TID000427,CH027,2213.24,Electronics,Los Angeles,18-01-2025 18:00,0
TID000428,CH028,4439.64,Electronics,Phoenix,18-01-2025 19:00,1
TID000429,CH029,1761.07,Retail,Chicago,18-01-2025 20:00,0
TID000430,CH030,594.16,Electronics,New York,18-01-2025 21:00,0
TID000431,CH031,723.53,Electronics,Phoenix,18-01-2025 22:00,0
TID000432,CH032,3809.94,Electronics,Chicago,18-01-2025 23:00,0
TID000433,CH033,3094.91,Restaurant,Phoenix,19-01-2025 00:00,0
TID000434,CH034,514.6,Restaurant,Los Angeles,19-01-2025 01:00,0
TID000435,CH035,429.69,Electronics,Phoenix,19-01-2025 02:00,0
TID000436,CH036,3507.84,Travel,Phoenix,19-01-2025 03:00,0
TID000437,CH037,373.09,Retail,Houston,19-01-2025 04:00,0
TID000438,CH038,4111.08,Grocery,Los Angeles,19-01-2025 05:00,0
TID000439,CH039,3534.15,Travel,Los Angeles,19-01-2025 06:00,0
TID000440,CH040,415.93,Grocery,Houston,19-01-2025 07:00,0
TID000441,CH041,433.34,Retail,Phoenix,19-01-2025 08:00,1
TID000442,CH042,4933.33,Travel,Phoenix,19-01-2025 09:00,0
TID000443,CH043,1877.61,Restaurant,Phoenix,19-01-2025 10:00,0
TID000444,CH044,1859.5,Retail,Houston,19-01-2025 11:00,0
TID000445,CH045,4065.87,Restaurant,Chicago,19-01-2025 12:00,0
TID000446,CH046,4736.77,Travel,Houston,19-01-2025 13:00,0
TID000447,CH047,4930.15,Electronics,Houston,19-01-2025 14:00,0
TID000448,CH048,3769.36,Retail,Phoenix,19-01-2025 15:00,0
TID000449,CH049,1887.54,Grocery,Chicago,19-01-2025 16:00,0
TID000450,CH050,426.67,Grocery,Los Angeles,19-01-2025 17:00,0
TID000451,CH051,3887.96,Retail,Houston,19-01-2025 18:00,0
TID000452,CH052,2796.44,Grocery,New York,19-01-2025 19:00,0
TID000453,CH053,2126.87,Restaurant,Houston,19-01-2025 20:00,0
TID000454,CH054,4532.71,Electronics,Phoenix,19-01-2025 21:00,0
TID000455,CH055,564.88,Grocery,New York,19-01-2025 22:00,0
TID000456,CH056,2468.2,Travel,Houston,19-01-2025 23:00,0
TID000457,CH057,66.65,Grocery,Los Angeles,20-01-2025 00:00,0
TID000458,CH058,2348.62,Travel,Phoenix,20-01-2025 01:00,0
TID000459,CH059,290.95,Travel,Phoenix,20-01-2025 02:00,0
TID000460,CH060,602.9,Grocery,Los Angeles,20-01-2025 03:00,0
TID000461,CH061,596.46,Grocery,New York,20-01-2025 04:00,0
TID000462,CH062,3249.56,Retail,Los Angeles,20-01-2025 05:00,0
TID000463,CH063,3732.76,Grocery,Chicago,20-01-2025 06:00,0
TID000464,CH064,2921.01,Restaurant,Los Angeles,20-01-2025 07:00,0
TID000465,CH065,4811.24,Electronics,Los Angeles,20-01-2025 08:00,1
TID000466,CH066,1880.6,Travel,Chicago,20-01-2025 09:00,0
TID000467,CH067,1435.7,Grocery,New York,20-01-2025 10:00,1
TID000468,CH068,4344.31,Retail,Phoenix,20-01-2025 11:00,0
TID000469,CH069,1125.74,Travel,New York,20-01-2025 12:00,0
TID000470,CH070,4816.48,Restaurant,New York,20-01-2025 13:00,0
TID000471,CH071,70.65,Travel,New York,20-01-2025 14:00,0
TID000472,CH072,4849.7,Travel,Chicago,20-01-2025 15:00,0
TID000473,CH073,225.37,Grocery,Chicago,20-01-2025 16:00,0
TID000474,CH074,4456.8,Grocery,New York,20-01-2025 17:00,0
TID000475,CH075,2643.23,Grocery,Los Angeles,20-01-2025 18:00,0
TID000476,CH076,4964.89,Grocery,New York,20-01-2025 19:00,0
TID000477,CH077,378.24,Restaurant,Houston,20-01-2025 20:00,0
TID000478,CH078,2773.73,Restaurant,Los Angeles,20-01-2025 21:00,0
TID000479,CH079,4846.82,Retail,Chicago,20-01-2025 22:00,0
TID000480,CH080,2620.26,Travel,Phoenix,20-01-2025 23:00,0
TID000481,CH081,3150.7,Retail,Los Angeles,21-01-2025 00:00,0
TID000482,CH082,3481.79,Retail,Phoenix,21-01-2025 01:00,0
TID000483,CH083,2278.16,Restaurant,Phoenix,21-01-2025 02:00,0
TID000484,CH084,3141.51,Grocery,New York,21-01-2025 03:00,0
TID000485,CH085,2925.73,Travel,Houston,21-01-2025 04:00,0
TID000486,CH086,4506.78,Restaurant,New York,21-01-2025 05:00,0
TID000487,CH087,236.78,Electronics,Los Angeles,21-01-2025 06:00,0
TID000488,CH088,1412.01,Restaurant,Phoenix,21-01-2025 07:00,0
TID000489,CH089,4752.55,Grocery,Los Angeles,21-01-2025 08:00,0
TID000490,CH090,4452.42,Electronics,Houston,21-01-2025 09:00,0
TID000491,CH091,2283.73,Restaurant,Houston,21-01-2025 10:00,0
TID000492,CH092,3104.46,Grocery,Los Angeles,21-01-2025 11:00,0
TID000493,CH093,1394.13,Restaurant,Los Angeles,21-01-2025 12:00,0
TID000494,CH094,948.72,Restaurant,Phoenix,21-01-2025 13:00,0
TID000495,CH095,2323.86,Restaurant,New York,21-01-2025 14:00,0
TID000496,CH096,1773.23,Electronics,New York,21-01-2025 15:00,0
TID000497,CH097,2922.44,Restaurant,Los Angeles,21-01-2025 16:00,0
TID000498,CH098,397.9,Retail,New York,21-01-2025 17:00,0
TID000499,CH099,4872.23,Electronics,Los Angeles,21-01-2025 18:00,0
TID000500,CH000,4931.19,Travel,Chicago,21-01-2025 19:00,0
TID000501,CH001,3493.83,Travel,New York,21-01-2025 20:00,0
TID000502,CH002,2685.12,Electronics,Chicago,21-01-2025 21:00,0
TID000503,CH003,1554.54,Electronics,Los Angeles,21-01-2025 22:00,0
TID000504,CH004,4070.84,Electronics,Houston,21-01-2025 23:00,0
TID000505,CH005,3426.81,Grocery,Chicago,22-01-2025 00:00,0
TID000506,CH006,821.46,Travel,Houston,22-01-2025 01:00,0
TID000507,CH007,4555.53,Grocery,Houston,22-01-2025 02:00,0
TID000508,CH008,4114.46,Electronics,Los Angeles,22-01-2025 03:00,0
TID000509,CH009,4749.5,Electronics,Chicago,22-01-2025 04:00,0
TID000510,CH010,3631.34,Travel,Phoenix,22-01-2025 05:00,0
TID000511,CH011,3070.94,Electronics,Houston,22-01-2025 06:00,0
TID000512,CH012,2097.03,Travel,Phoenix,22-01-2025 07:00,0
TID000513,CH013,4664.32,Restaurant,Chicago,22-01-2025 08:00,1
TID000514,CH014,4331.66,Restaurant,New York,22-01-2025 09:00,0
TID000515,CH015,235.64,Restaurant,Phoenix,22-01-2025 10:00,0
TID000516,CH016,141.57,Retail,Houston,22-01-2025 11:00,0
TID000517,CH017,1888.55,Travel,Chicago,22-01-2025 12:00,0
TID000518,CH018,4054.66,Restaurant,Chicago,22-01-2025 13:00,0
TID000519,CH019,4936.51,Electronics,Phoenix,22-01-2025 14:00,0
TID000520,CH020,760.58,Travel,Houston,22-01-2025 15:00,0
TID000521,CH021,2974.71,Grocery,Phoenix,22-01-2025 16:00,0
TID000522,CH022,1910.65,Restaurant,Phoenix,22-01-2025 17:00,0
TID000523,CH023,4849.87,Grocery,Houston,22-01-2025 18:00,0
TID000524,CH024,4212.17,Retail,Phoenix,22-01-2025 19:00,0
TID000525,CH025,4193.26,Electronics,Los Angeles,22-01-2025 20:00,0
TID000526,CH026,2348.78,Electronics,Houston,22-01-2025 21:00,0
TID000527,CH027,2079.95,Grocery,Phoenix,22-01-2025 22:00,0
TID000528,CH028,1374.3,Restaurant,Houston,22-01-2025 23:00,0
TID000529,CH029,291.31,Electronics,Chicago,23-01-2025 00:00,0
TID000530,CH030,4324.96,Electronics,Houston,23-01-2025 01:00,0
TID000531,CH031,4066.38,Travel,Houston,23-01-2025 02:00,0
TID000532,CH032,4998.59,Grocery,New York,23-01-2025 03:00,0
TID000533,CH033,4983.22,Travel,New York,23-01-2025 04:00,0
TID000534,CH034,2781.6,Grocery,Houston,23-01-2025 05:00,0
TID000535,CH035,3847.25,Electronics,Phoenix,23-01-2025 06:00,0
TID000536,CH036,4724.38,Travel,Los Angeles,23-01-2025 07:00,0
TID000537,CH037,4249.74,Grocery,Los Angeles,23-01-2025 08:00,0
TID000538,CH038,1244.27,Restaurant,Phoenix,23-01-2025 09:00,0
TID000539,CH039,2258.22,Grocery,New York,23-01-2025 10:00,0
TID000540,CH040,654.51,Travel,Houston,23-01-2025 11:00,0
TID000541,CH041,4770.71,Grocery,Houston,23-01-2025 12:00,0
TID000542,CH042,3034.81,Electronics,Chicago,23-01-2025 13:00,0
TID000543,CH043,1150.93,Retail,New York,23-01-2025 14:00,0
TID000544,CH044,3361.79,Restaurant,Chicago,23-01-2025 15:00,0
TID000545,CH045,3094.46,Restaurant,Los Angeles,23-01-2025 16:00,1
TID000546,CH046,1797.23,Retail,Houston,23-01-2025 17:00,0
TID000547,CH047,576.65,Grocery,Chicago,23-01-2025 18:00,0
TID000548,CH048,3361.15,Grocery,New York,23-01-2025 19:00,0
TID000549,CH049,2606.34,Travel,New York,23-01-2025 20:00,0
TID000550,CH050,3863.87,Retail,Chicago,23-01-2025 21:00,0
TID000551,CH051,2605.62,Grocery,Houston,23-01-2025 22:00,1
TID000552,CH052,4262.39,Retail,Phoenix,23-01-2025 23:00,0
TID000553,CH053,2764.02,Travel,Los Angeles,24-01-2025 00:00,0
TID000554,CH054,2809.08,Restaurant,New York,24-01-2025 01:00,0
TID000555,CH055,4384.5,Restaurant,Los Angeles,24-01-2025 02:00,0
TID000556,CH056,2023.38,Restaurant,New York,24-01-2025 03:00,0
TID000557,CH057,678.74,Grocery,Houston,24-01-2025 04:00,0
TID000558,CH058,153.63,Restaurant,Chicago,24-01-2025 05:00,0
TID000559,CH059,3778.13,Travel,Chicago,24-01-2025 06:00,0
TID000560,CH060,3105.34,Electronics,Los Angeles,24-01-2025 07:00,0
TID000561,CH061,3523.36,Grocery,Chicago,24-01-2025 08:00,0
TID000562,CH062,1072.69,Electronics,New York,24-01-2025 09:00,0
TID000563,CH063,690.49,Travel,Chicago,24-01-2025 10:00,0
TID000564,CH064,82.58,Retail,Chicago,24-01-2025 11:00,0
TID000565,CH065,1759.43,Electronics,Phoenix,24-01-2025 12:00,0
TID000566,CH066,2953.69,Electronics,Houston,24-01-2025 13:00,0
TID000567,CH067,1967.3,Travel,Los Angeles,24-01-2025 14:00,0
TID000568,CH068,2193,Restaurant,Houston,24-01-2025 15:00,0
TID000569,CH069,4521.75,Travel,New York,24-01-2025 16:00,0
TID000570,CH070,1747.79,Electronics,New York,24-01-2025 17:00,0
TID000571,CH071,2574.81,Grocery,Los Angeles,24-01-2025 18:00,0
TID000572,CH072,3920.43,Retail,Los Angeles,24-01-2025 19:00,0
TID000573,CH073,1988.75,Travel,Los Angeles,24-01-2025 20:00,0
TID000574,CH074,3114.21,Retail,New York,24-01-2025 21:00,0
TID000575,CH075,4313.19,Electronics,Phoenix,24-01-2025 22:00,0
TID000576,CH076,4748.11,Grocery,Houston,24-01-2025 23:00,0
TID000577,CH077,743.9,Grocery,Phoenix,25-01-2025 00:00,0
TID000578,CH078,4633.67,Retail,New York,25-01-2025 01:00,0
TID000579,CH079,2465.66,Retail,Chicago,25-01-2025 02:00,0
TID000580,CH080,1298.64,Retail,Los Angeles,25-01-2025 03:00,0
TID000581,CH081,2301.09,Retail,New York,25-01-2025 04:00,0
TID000582,CH082,4900.36,Grocery,Chicago,25-01-2025 05:00,0
TID000583,CH083,2468.16,Retail,Phoenix,25-01-2025 06:00,0
TID000584,CH084,1650.47,Restaurant,Phoenix,25-01-2025 07:00,0
TID000585,CH085,3170.67,Travel,Phoenix,25-01-2025 08:00,1
TID000586,CH086,1208.33,Travel,Houston,25-01-2025 09:00,0
TID000587,CH087,388.56,Travel,Phoenix,25-01-2025 10:00,0
TID000588,CH088,653.11,Travel,Phoenix,25-01-2025 11:00,0
TID000589,CH089,648.95,Grocery,Los Angeles,25-01-2025 12:00,0
TID000590,CH090,767.99,Retail,Houston,25-01-2025 13:00,0
TID000591,CH091,702.75,Retail,New York,25-01-2025 14:00,0
TID000592,CH092,3207.96,Electronics,Houston,25-01-2025 15:00,1
TID000593,CH093,917.58,Electronics,Chicago,25-01-2025 16:00,0
TID000594,CH094,1734.88,Restaurant,Houston,25-01-2025 17:00,0
TID000595,CH095,4484.97,Electronics,Chicago,25-01-2025 18:00,0
TID000596,CH096,2375.07,Electronics,Chicago,25-01-2025 19:00,0
TID000597,CH097,3341.11,Restaurant,Houston,25-01-2025 20:00,0
TID000598,CH098,869.88,Grocery,New York,25-01-2025 21:00,0
TID000599,CH099,969.52,Grocery,Houston,25-01-2025 22:00,0
TID000600,CH000,213.93,Retail,Houston,25-01-2025 23:00,0
TID000601,CH001,852.99,Restaurant,Los Angeles,26-01-2025 00:00,0
TID000602,CH002,1400.17,Restaurant,New York,26-01-2025 01:00,0
TID000603,CH003,893.28,Retail,Phoenix,26-01-2025 02:00,0
TID000604,CH004,452.63,Restaurant,Chicago,26-01-2025 03:00,0
TID000605,CH005,611.97,Restaurant,New York,26-01-2025 04:00,0
TID000606,CH006,2309.29,Restaurant,New York,26-01-2025 05:00,0
TID000607,CH007,1039.61,Travel,New York,26-01-2025 06:00,0
TID000608,CH008,1827.71,Electronics,Chicago,26-01-2025 07:00,0
TID000609,CH009,2522.05,Retail,New York,26-01-2025 08:00,0
TID000610,CH010,3455.07,Travel,Phoenix,26-01-2025 09:00,0
TID000611,CH011,206.17,Restaurant,Chicago,26-01-2025 10:00,0
TID000612,CH012,3999.06,Retail,New York,26-01-2025 11:00,0
TID000613,CH013,3143.22,Grocery,Houston,26-01-2025 12:00,0
TID000614,CH014,417.98,Electronics,Phoenix,26-01-2025 13:00,0
TID000615,CH015,4369.16,Electronics,New York,26-01-2025 14:00,0
TID000616,CH016,4605.15,Grocery,Houston,26-01-2025 15:00,0
TID000617,CH017,314.78,Travel,Phoenix,26-01-2025 16:00,1
TID000618,CH018,1391.62,Electronics,New York,26-01-2025 17:00,0
TID000619,CH019,4032.94,Travel,Los Angeles,26-01-2025 18:00,0
TID000620,CH020,3743.82,Electronics,Houston,26-01-2025 19:00,0
TID000621,CH021,930.76,Restaurant,New York,26-01-2025 20:00,0
TID000622,CH022,1054.65,Restaurant,Houston,26-01-2025 21:00,0
TID000623,CH023,1858.66,Restaurant,Phoenix,26-01-2025 22:00,0
TID000624,CH024,2427.77,Electronics,Los Angeles,26-01-2025 23:00,1
TID000625,CH025,3095.09,Retail,Los Angeles,27-01-2025 00:00,0
TID000626,CH026,1850.88,Travel,Houston,27-01-2025 01:00,0
TID000627,CH027,2318.05,Retail,Phoenix,27-01-2025 02:00,0
TID000628,CH028,3739.88,Retail,Los Angeles,27-01-2025 03:00,0
TID000629,CH029,193.05,Grocery,Phoenix,27-01-2025 04:00,0
TID000630,CH030,1269.66,Grocery,Los Angeles,27-01-2025 05:00,0
TID000631,CH031,3569.61,Restaurant,Houston,27-01-2025 06:00,0
TID000632,CH032,4477.08,Travel,Chicago,27-01-2025 07:00,0
TID000633,CH033,2563.27,Electronics,Los Angeles,27-01-2025 08:00,0
TID000634,CH034,2665.25,Travel,Chicago,27-01-2025 09:00,0
TID000635,CH035,544.79,Retail,Houston,27-01-2025 10:00,0
TID000636,CH036,2242.59,Electronics,Los Angeles,27-01-2025 11:00,0
TID000637,CH037,2667.76,Retail,Houston,27-01-2025 12:00,0
TID000638,CH038,1219.93,Travel,Los Angeles,27-01-2025 13:00,0
TID000639,CH039,1353.52,Restaurant,Los Angeles,27-01-2025 14:00,1
TID000640,CH040,1892.65,Retail,Phoenix,27-01-2025 15:00,0
TID000641,CH041,110.16,Restaurant,Houston,27-01-2025 16:00,0
TID000642,CH042,1617.18,Travel,Los Angeles,27-01-2025 17:00,0
TID000643,CH043,1065.13,Retail,New York,27-01-2025 18:00,0
TID000644,CH044,1644.21,Travel,Chicago,27-01-2025 19:00,0
TID000645,CH045,607.61,Travel,New York,27-01-2025 20:00,0
TID000646,CH046,4453.73,Restaurant,Chicago,27-01-2025 21:00,0
TID000647,CH047,2972.03,Travel,Chicago,27-01-2025 22:00,0
TID000648,CH048,3398.72,Restaurant,New York,27-01-2025 23:00,0
TID000649,CH049,3947.96,Restaurant,New York,28-01-2025 00:00,0
TID000650,CH050,2497.23,Restaurant,Phoenix,28-01-2025 01:00,0
TID000651,CH051,443.73,Retail,Chicago,28-01-2025 02:00,0
TID000652,CH052,2690.16,Electronics,Houston,28-01-2025 03:00,0
TID000653,CH053,2938.34,Electronics,Houston,28-01-2025 04:00,0
TID000654,CH054,3729.74,Travel,Houston,28-01-2025 05:00,0
TID000655,CH055,2163.98,Electronics,Chicago,28-01-2025 06:00,0
TID000656,CH056,646.63,Electronics,Chicago,28-01-2025 07:00,0
TID000657,CH057,1426.04,Retail,Los Angeles,28-01-2025 08:00,0
TID000658,CH058,1821.78,Electronics,Phoenix,28-01-2025 09:00,0
TID000659,CH059,3233.13,Travel,Los Angeles,28-01-2025 10:00,0
TID000660,CH060,2858.18,Grocery,Los Angeles,28-01-2025 11:00,0
TID000661,CH061,1786.92,Retail,Chicago,28-01-2025 12:00,0
TID000662,CH062,4932.71,Electronics,New York,28-01-2025 13:00,0
TID000663,CH063,3032.82,Travel,Phoenix,28-01-2025 14:00,0
TID000664,CH064,1193.76,Restaurant,Houston,28-01-2025 15:00,0
TID000665,CH065,517.89,Retail,Phoenix,28-01-2025 16:00,1
TID000666,CH066,772.77,Electronics,Phoenix,28-01-2025 17:00,0
TID000667,CH067,1237.33,Restaurant,Chicago,28-01-2025 18:00,0
TID000668,CH068,811.8,Grocery,New York,28-01-2025 19:00,0
TID000669,CH069,940.97,Electronics,Los Angeles,28-01-2025 20:00,0
TID000670,CH070,1432.62,Electronics,Phoenix,28-01-2025 21:00,0
TID000671,CH071,875.13,Retail,New York,28-01-2025 22:00,0
TID000672,CH072,4484.86,Travel,New York,28-01-2025 23:00,0
TID000673,CH073,410.37,Restaurant,Chicago,29-01-2025 00:00,0
TID000674,CH074,2627.31,Travel,New York,29-01-2025 01:00,0
TID000675,CH075,2057.88,Restaurant,New York,29-01-2025 02:00,0
TID000676,CH076,4912.07,Grocery,Phoenix,29-01-2025 03:00,0
TID000677,CH077,569.07,Retail,Chicago,29-01-2025 04:00,0
TID000678,CH078,1995.3,Retail,Phoenix,29-01-2025 05:00,0
TID000679,CH079,4847.66,Grocery,Los Angeles,29-01-2025 06:00,0
TID000680,CH080,4328.88,Travel,Chicago,29-01-2025 07:00,0
TID000681,CH081,4087.19,Retail,Houston,29-01-2025 08:00,0
TID000682,CH082,1296.94,Travel,Chicago,29-01-2025 09:00,1
TID000683,CH083,862.73,Grocery,Phoenix,29-01-2025 10:00,0
TID000684,CH084,3346.53,Restaurant,Houston,29-01-2025 11:00,0
TID000685,CH085,4647.59,Retail,Chicago,29-01-2025 12:00,0
TID000686,CH086,2788.25,Grocery,New York,29-01-2025 13:00,0
TID000687,CH087,2862.35,Retail,Chicago,29-01-2025 14:00,0
TID000688,CH088,1407.1,Electronics,Phoenix,29-01-2025 15:00,0
TID000689,CH089,3849.77,Travel,Phoenix,29-01-2025 16:00,0
TID000690,CH090,943.35,Grocery,Houston,29-01-2025 17:00,0
TID000691,CH091,1625.16,Restaurant,New York,29-01-2025 18:00,0
TID000692,CH092,2132.93,Travel,Los Angeles,29-01-2025 19:00,0
TID000693,CH093,2542.98,Grocery,Houston,29-01-2025 20:00,0
TID000694,CH094,1219.62,Restaurant,New York,29-01-2025 21:00,0
TID000695,CH095,583.04,Restaurant,Chicago,29-01-2025 22:00,0
TID000696,CH096,3056.99,Retail,New York,29-01-2025 23:00,0
TID000697,CH097,1450.27,Grocery,Los Angeles,30-01-2025 00:00,0
TID000698,CH098,2910.38,Restaurant,Phoenix,30-01-2025 01:00,0
TID000699,CH099,780.27,Travel,New York,30-01-2025 02:00,1
TID000700,CH000,2410.89,Electronics,Los Angeles,30-01-2025 03:00,0
TID000701,CH001,2667.62,Restaurant,Phoenix,30-01-2025 04:00,1
TID000702,CH002,268.6,Grocery,New York,30-01-2025 05:00,0
TID000703,CH003,1689.66,Grocery,Los Angeles,30-01-2025 06:00,0
TID000704,CH004,680.73,Electronics,Chicago,30-01-2025 07:00,0
TID000705,CH005,326.24,Restaurant,Chicago,30-01-2025 08:00,0
TID000706,CH006,4949.9,Retail,Houston,30-01-2025 09:00,0
TID000707,CH007,1618.55,Electronics,Chicago,30-01-2025 10:00,0
TID000708,CH008,4051.27,Restaurant,Phoenix,30-01-2025 11:00,0
TID000709,CH009,1280.66,Restaurant,Chicago,30-01-2025 12:00,0
TID000710,CH010,3410.7,Restaurant,Houston,30-01-2025 13:00,0
TID000711,CH011,3803.54,Retail,New York,30-01-2025 14:00,0
TID000712,CH012,2982.24,Travel,Houston,30-01-2025 15:00,0
TID000713,CH013,2363.17,Grocery,Los Angeles,30-01-2025 16:00,0
TID000714,CH014,2065.09,Retail,Phoenix,30-01-2025 17:00,0
TID000715,CH015,1750.85,Grocery,Houston,30-01-2025 18:00,0
TID000716,CH016,4648.35,Restaurant,Houston,30-01-2025 19:00,1
TID000717,CH017,4154.79,Retail,Houston,30-01-2025 20:00,0
TID000718,CH018,4825.48,Restaurant,Los Angeles,30-01-2025 21:00,0
TID000719,CH019,630.24,Restaurant,Chicago,30-01-2025 22:00,1
TID000720,CH020,3657.03,Electronics,Los Angeles,30-01-2025 23:00,0
TID000721,CH021,4692.32,Restaurant,New York,31-01-2025 00:00,0
TID000722,CH022,914.35,Electronics,Los Angeles,31-01-2025 01:00,0
TID000723,CH023,341.82,Retail,Chicago,31-01-2025 02:00,0
TID000724,CH024,3708.19,Electronics,New York,31-01-2025 03:00,0
TID000725,CH025,2876.62,Restaurant,Chicago,31-01-2025 04:00,0
TID000726,CH026,4210.73,Travel,Phoenix,31-01-2025 05:00,0
TID000727,CH027,707.46,Retail,Los Angeles,31-01-2025 06:00,0
TID000728,CH028,3978.38,Travel,New York,31-01-2025 07:00,1
TID000729,CH029,1016.12,Electronics,Houston,31-01-2025 08:00,0
TID000730,CH030,826.64,Retail,Phoenix,31-01-2025 09:00,0
TID000731,CH031,829.69,Restaurant,Phoenix,31-01-2025 10:00,0
TID000732,CH032,4074.73,Grocery,New York,31-01-2025 11:00,0
TID000733,CH033,3329.33,Travel,New York,31-01-2025 12:00,0
TID000734,CH034,2620.1,Grocery,Houston,31-01-2025 13:00,0
TID000735,CH035,1800.56,Electronics,Los Angeles,31-01-2025 14:00,0
TID000736,CH036,4387.23,Travel,Phoenix,31-01-2025 15:00,0
TID000737,CH037,1968.3,Retail,New York,31-01-2025 16:00,0
TID000738,CH038,4084.83,Restaurant,Phoenix,31-01-2025 17:00,0
TID000739,CH039,2201.28,Grocery,Phoenix,31-01-2025 18:00,0
TID000740,CH040,1890.95,Restaurant,Phoenix,31-01-2025 19:00,0
TID000741,CH041,2318.77,Grocery,Chicago,31-01-2025 20:00,0
TID000742,CH042,1513.88,Retail,Los Angeles,31-01-2025 21:00,0
TID000743,CH043,3740.57,Travel,Houston,31-01-2025 22:00,0
TID000744,CH044,2518.57,Restaurant,Los Angeles,31-01-2025 23:00,0
TID000745,CH045,1168.74,Electronics,Houston,01-02-2025 00:00,0
TID000746,CH046,4498.88,Travel,Los Angeles,01-02-2025 01:00,0
TID000747,CH047,1925.62,Retail,Los Angeles,01-02-2025 02:00,0
TID000748,CH048,2722.33,Retail,Houston,01-02-2025 03:00,0
TID000749,CH049,4533.3,Electronics,Houston,01-02-2025 04:00,0
TID000750,CH050,3124.95,Grocery,Los Angeles,01-02-2025 05:00,0
TID000751,CH051,593.32,Restaurant,Los Angeles,01-02-2025 06:00,0
TID000752,CH052,4699.76,Travel,Los Angeles,01-02-2025 07:00,0
TID000753,CH053,3142.26,Electronics,Phoenix,01-02-2025 08:00,0
TID000754,CH054,1681.18,Retail,New York,01-02-2025 09:00,0
TID000755,CH055,704.97,Grocery,Chicago,01-02-2025 10:00,1
TID000756,CH056,3972.19,Restaurant,New York,01-02-2025 11:00,0
TID000757,CH057,3104.16,Restaurant,Los Angeles,01-02-2025 12:00,1
TID000758,CH058,2671.97,Restaurant,Los Angeles,01-02-2025 13:00,0
TID000759,CH059,4470.52,Retail,Houston,01-02-2025 14:00,0
TID000760,CH060,3945.1,Electronics,Houston,01-02-2025 15:00,0
TID000761,CH061,766.86,Restaurant,Phoenix,01-02-2025 16:00,0
TID000762,CH062,1565.49,Travel,Chicago,01-02-2025 17:00,0
TID000763,CH063,1249.96,Travel,Los Angeles,01-02-2025 18:00,0
TID000764,CH064,3722.29,Restaurant,New York,01-02-2025 19:00,0
TID000765,CH065,177.33,Restaurant,Phoenix,01-02-2025 20:00,0
TID000766,CH066,2853.75,Restaurant,New York,01-02-2025 21:00,0
TID000767,CH067,3814.67,Restaurant,Phoenix,01-02-2025 22:00,0
TID000768,CH068,4385.06,Grocery,Chicago,01-02-2025 23:00,0
TID000769,CH069,1716.99,Grocery,Phoenix,02-02-2025 00:00,0
TID000770,CH070,4108.07,Grocery,Phoenix,02-02-2025 01:00,0
TID000771,CH071,562.05,Grocery,Phoenix,02-02-2025 02:00,0
TID000772,CH072,4233.8,Restaurant,Phoenix,02-02-2025 03:00,0
TID000773,CH073,646.17,Travel,Phoenix,02-02-2025 04:00,0
TID000774,CH074,1992.46,Retail,Los Angeles,02-02-2025 05:00,1
TID000775,CH075,3988.5,Grocery,Houston,02-02-2025 06:00,0
TID000776,CH076,758.09,Electronics,Houston,02-02-2025 07:00,0
TID000777,CH077,1153.96,Grocery,New York,02-02-2025 08:00,0
TID000778,CH078,3614.04,Retail,Los Angeles,02-02-2025 09:00,0
TID000779,CH079,3602.98,Retail,New York,02-02-2025 10:00,0
TID000780,CH080,3209.33,Retail,Chicago,02-02-2025 11:00,0
TID000781,CH081,3472.8,Restaurant,Phoenix,02-02-2025 12:00,0
TID000782,CH082,2718.19,Travel,Los Angeles,02-02-2025 13:00,0
TID000783,CH083,1266.48,Restaurant,Houston,02-02-2025 14:00,0
TID000784,CH084,1735.02,Grocery,New York,02-02-2025 15:00,0
TID000785,CH085,916.17,Grocery,Chicago,02-02-2025 16:00,0
TID000786,CH086,4543.17,Travel,Houston,02-02-2025 17:00,0
TID000787,CH087,2921.13,Electronics,New York,02-02-2025 18:00,0
TID000788,CH088,2010.25,Electronics,Phoenix,02-02-2025 19:00,0
TID000789,CH089,2315.41,Restaurant,New York,02-02-2025 20:00,0
TID000790,CH090,4736.94,Grocery,Chicago,02-02-2025 21:00,0
TID000791,CH091,775.22,Grocery,Phoenix,02-02-2025 22:00,0
TID000792,CH092,2935.29,Travel,Chicago,02-02-2025 23:00,0
TID000793,CH093,2534.38,Grocery,Los Angeles,03-02-2025 00:00,0
TID000794,CH094,3061.16,Travel,Phoenix,03-02-2025 01:00,0
TID000795,CH095,100.37,Restaurant,New York,03-02-2025 02:00,0
TID000796,CH096,4361.9,Restaurant,Los Angeles,03-02-2025 03:00,0
TID000797,CH097,4661.27,Electronics,Phoenix,03-02-2025 04:00,0
TID000798,CH098,2830.01,Grocery,Phoenix,03-02-2025 05:00,0
TID000799,CH099,3486.29,Restaurant,Los Angeles,03-02-2025 06:00,0
TID000800,CH000,4613.27,Electronics,Phoenix,03-02-2025 07:00,0
TID000801,CH001,3539.12,Restaurant,Los Angeles,03-02-2025 08:00,1
TID000802,CH002,771.17,Travel,Houston,03-02-2025 09:00,0
TID000803,CH003,2885.68,Retail,Phoenix,03-02-2025 10:00,0
TID000804,CH004,3037.51,Retail,Houston,03-02-2025 11:00,0
TID000805,CH005,2126.41,Restaurant,Los Angeles,03-02-2025 12:00,0
TID000806,CH006,3684.86,Electronics,Houston,03-02-2025 13:00,0
TID000807,CH007,4672.49,Grocery,New York,03-02-2025 14:00,0
TID000808,CH008,4628.59,Travel,Houston,03-02-2025 15:00,0
TID000809,CH009,2259.69,Electronics,New York,03-02-2025 16:00,0
TID000810,CH010,575.06,Travel,Houston,03-02-2025 17:00,0
TID000811,CH011,4924.36,Grocery,Houston,03-02-2025 18:00,0
TID000812,CH012,4196.1,Retail,Chicago,03-02-2025 19:00,0
TID000813,CH013,632.07,Restaurant,New York,03-02-2025 20:00,0
TID000814,CH014,4605,Retail,Los Angeles,03-02-2025 21:00,0
TID000815,CH015,4350.78,Restaurant,Houston,03-02-2025 22:00,0
TID000816,CH016,2599,Grocery,Houston,03-02-2025 23:00,1
TID000817,CH017,2960.46,Restaurant,Phoenix,04-02-2025 00:00,0
TID000818,CH018,2001.02,Restaurant,Houston,04-02-2025 01:00,0
TID000819,CH019,283.26,Electronics,Chicago,04-02-2025 02:00,0
TID000820,CH020,1682.63,Restaurant,Los Angeles,04-02-2025 03:00,0
TID000821,CH021,4016.24,Restaurant,Phoenix,04-02-2025 04:00,0
TID000822,CH022,33.11,Restaurant,Houston,04-02-2025 05:00,0
TID000823,CH023,1674.16,Travel,Houston,04-02-2025 06:00,0
TID000824,CH024,1996.86,Grocery,Phoenix,04-02-2025 07:00,0
TID000825,CH025,2691.6,Retail,Los Angeles,04-02-2025 08:00,0
TID000826,CH026,4600.08,Travel,Houston,04-02-2025 09:00,0
TID000827,CH027,1738.27,Grocery,Chicago,04-02-2025 10:00,0
TID000828,CH028,1741.3,Travel,Chicago,04-02-2025 11:00,1
TID000829,CH029,3690.13,Retail,Houston,04-02-2025 12:00,0
TID000830,CH030,2266.57,Grocery,Chicago,04-02-2025 13:00,0
TID000831,CH031,1130.78,Electronics,Houston,04-02-2025 14:00,1
TID000832,CH032,2267.67,Grocery,Houston,04-02-2025 15:00,0
TID000833,CH033,712.88,Travel,Phoenix,04-02-2025 16:00,0
TID000834,CH034,890.17,Electronics,Phoenix,04-02-2025 17:00,0
TID000835,CH035,2496.86,Electronics,Los Angeles,04-02-2025 18:00,0
TID000836,CH036,2100.44,Retail,Houston,04-02-2025 19:00,0
TID000837,CH037,4575.08,Retail,Los Angeles,04-02-2025 20:00,0
TID000838,CH038,1818.35,Travel,Phoenix,04-02-2025 21:00,0
TID000839,CH039,2907.14,Retail,Chicago,04-02-2025 22:00,0
TID000840,CH040,3165,Electronics,Phoenix,04-02-2025 23:00,0
TID000841,CH041,75.34,Restaurant,Houston,05-02-2025 00:00,0
TID000842,CH042,3321.05,Grocery,Chicago,05-02-2025 01:00,0
TID000843,CH043,898.4,Grocery,Los Angeles,05-02-2025 02:00,0
TID000844,CH044,4805.74,Grocery,Los Angeles,05-02-2025 03:00,0
TID000845,CH045,751.83,Travel,Chicago,05-02-2025 04:00,0
TID000846,CH046,2078.97,Restaurant,Houston,05-02-2025 05:00,0
TID000847,CH047,435.89,Travel,Houston,05-02-2025 06:00,0
TID000848,CH048,4984.4,Travel,New York,05-02-2025 07:00,0
TID000849,CH049,2515.95,Electronics,New York,05-02-2025 08:00,0
TID000850,CH050,2980.97,Restaurant,Los Angeles,05-02-2025 09:00,0
TID000851,CH051,344.71,Grocery,Phoenix,05-02-2025 10:00,0
TID000852,CH052,3752.3,Retail,Chicago,05-02-2025 11:00,0
TID000853,CH053,1057.43,Grocery,Phoenix,05-02-2025 12:00,0
TID000854,CH054,4491.29,Travel,Los Angeles,05-02-2025 13:00,0
TID000855,CH055,1033.65,Retail,Los Angeles,05-02-2025 14:00,0
TID000856,CH056,961.53,Travel,Chicago,05-02-2025 15:00,0
TID000857,CH057,192.38,Grocery,Los Angeles,05-02-2025 16:00,0
TID000858,CH058,2365.61,Restaurant,Houston,05-02-2025 17:00,0
TID000859,CH059,2828.56,Travel,Chicago,05-02-2025 18:00,0
TID000860,CH060,337.89,Travel,New York,05-02-2025 19:00,0
TID000861,CH061,3879.88,Retail,Chicago,05-02-2025 20:00,0
TID000862,CH062,2271.91,Retail,Chicago,05-02-2025 21:00,0
TID000863,CH063,2626.71,Grocery,New York,05-02-2025 22:00,0
TID000864,CH064,2209.41,Grocery,Phoenix,05-02-2025 23:00,0
TID000865,CH065,2009.81,Travel,New York,06-02-2025 00:00,1
TID000866,CH066,2802.61,Restaurant,Chicago,06-02-2025 01:00,0
TID000867,CH067,784.65,Travel,New York,06-02-2025 02:00,0
TID000868,CH068,917.82,Travel,Los Angeles,06-02-2025 03:00,0
TID000869,CH069,4310.31,Restaurant,Houston,06-02-2025 04:00,0
TID000870,CH070,4731.12,Retail,New York,06-02-2025 05:00,0
TID000871,CH071,1872.81,Travel,Los Angeles,06-02-2025 06:00,0
TID000872,CH072,1361.02,Retail,Chicago,06-02-2025 07:00,0
TID000873,CH073,3223.56,Retail,New York,06-02-2025 08:00,0
TID000874,CH074,2049.58,Retail,Phoenix,06-02-2025 09:00,0
TID000875,CH075,136.68,Retail,Houston,06-02-2025 10:00,0
TID000876,CH076,789.2,Grocery,Phoenix,06-02-2025 11:00,0
TID000877,CH077,3582.7,Grocery,Los Angeles,06-02-2025 12:00,0
TID000878,CH078,3298.03,Electronics,Houston,06-02-2025 13:00,0
TID000879,CH079,145.21,Travel,Los Angeles,06-02-2025 14:00,0
TID000880,CH080,1117.64,Grocery,Los Angeles,06-02-2025 15:00,0
TID000881,CH081,1163.06,Electronics,Chicago,06-02-2025 16:00,0
TID000882,CH082,3362.74,Grocery,Los Angeles,06-02-2025 17:00,0
TID000883,CH083,108.36,Travel,Phoenix,06-02-2025 18:00,0
TID000884,CH084,529.5,Electronics,Houston,06-02-2025 19:00,0
TID000885,CH085,4001.58,Retail,Los Angeles,06-02-2025 20:00,0
TID000886,CH086,900.94,Electronics,Phoenix,06-02-2025 21:00,0
TID000887,CH087,3267.2,Restaurant,Chicago,06-02-2025 22:00,0
TID000888,CH088,1198.53,Restaurant,Phoenix,06-02-2025 23:00,0
TID000889,CH089,506.21,Travel,Houston,07-02-2025 00:00,0
TID000890,CH090,1223.43,Grocery,Chicago,07-02-2025 01:00,1
TID000891,CH091,3614.11,Retail,New York,07-02-2025 02:00,0
TID000892,CH092,4279.93,Retail,New York,07-02-2025 03:00,0
TID000893,CH093,4152.8,Grocery,New York,07-02-2025 04:00,0
TID000894,CH094,1991.95,Retail,Chicago,07-02-2025 05:00,0
TID000895,CH095,3343.74,Grocery,Chicago,07-02-2025 06:00,0
TID000896,CH096,1032.87,Restaurant,Los Angeles,07-02-2025 07:00,0
TID000897,CH097,1472.81,Restaurant,Chicago,07-02-2025 08:00,0
TID000898,CH098,4482.72,Grocery,Chicago,07-02-2025 09:00,0
TID000899,CH099,74.88,Electronics,New York,07-02-2025 10:00,0
TID000900,CH000,436.69,Retail,Chicago,07-02-2025 11:00,0
TID000901,CH001,1047.35,Grocery,Phoenix,07-02-2025 12:00,0
TID000902,CH002,142.4,Restaurant,Phoenix,07-02-2025 13:00,0
TID000903,CH003,915.36,Grocery,New York,07-02-2025 14:00,0
TID000904,CH004,2919.38,Restaurant,Chicago,07-02-2025 15:00,0
TID000905,CH005,2112.91,Retail,Chicago,07-02-2025 16:00,0
TID000906,CH006,4464.43,Travel,Chicago,07-02-2025 17:00,0
TID000907,CH007,4089.04,Travel,Houston,07-02-2025 18:00,1
TID000908,CH008,1715.67,Travel,Los Angeles,07-02-2025 19:00,0
TID000909,CH009,1304.52,Retail,Chicago,07-02-2025 20:00,0
TID000910,CH010,1904.67,Restaurant,Chicago,07-02-2025 21:00,0
TID000911,CH011,2955.57,Grocery,Los Angeles,07-02-2025 22:00,0
TID000912,CH012,1347.64,Grocery,Phoenix,07-02-2025 23:00,0
TID000913,CH013,3124.5,Grocery,New York,08-02-2025 00:00,1
TID000914,CH014,2052.96,Retail,Phoenix,08-02-2025 01:00,0
TID000915,CH015,2764.72,Retail,Phoenix,08-02-2025 02:00,0
TID000916,CH016,2186.27,Retail,Chicago,08-02-2025 03:00,0
TID000917,CH017,1479.38,Electronics,Phoenix,08-02-2025 04:00,0
TID000918,CH018,4742.78,Electronics,Phoenix,08-02-2025 05:00,0
TID000919,CH019,3820.39,Electronics,Houston,08-02-2025 06:00,0
TID000920,CH020,709.16,Travel,Houston,08-02-2025 07:00,0
TID000921,CH021,4343.66,Travel,Chicago,08-02-2025 08:00,0
TID000922,CH022,2442.28,Travel,Los Angeles,08-02-2025 09:00,0
TID000923,CH023,4473.82,Retail,Chicago,08-02-2025 10:00,0
TID000924,CH024,4001.28,Electronics,Phoenix,08-02-2025 11:00,0
TID000925,CH025,2131.82,Grocery,Houston,08-02-2025 12:00,0
TID000926,CH026,122.12,Restaurant,Phoenix,08-02-2025 13:00,0
TID000927,CH027,1350.7,Electronics,New York,08-02-2025 14:00,0
TID000928,CH028,2712.75,Restaurant,Chicago,08-02-2025 15:00,0
TID000929,CH029,3171.06,Electronics,Phoenix,08-02-2025 16:00,0
TID000930,CH030,1296.86,Electronics,Houston,08-02-2025 17:00,0
TID000931,CH031,705.39,Retail,Phoenix,08-02-2025 18:00,0
TID000932,CH032,4176.3,Travel,Chicago,08-02-2025 19:00,0
TID000933,CH033,4922.17,Travel,Phoenix,08-02-2025 20:00,0
TID000934,CH034,2633.19,Travel,Los Angeles,08-02-2025 21:00,0
TID000935,CH035,866.68,Restaurant,Houston,08-02-2025 22:00,0
TID000936,CH036,1368.81,Restaurant,Chicago,08-02-2025 23:00,0
TID000937,CH037,101.77,Electronics,Houston,09-02-2025 00:00,0
TID000938,CH038,4572.35,Electronics,Los Angeles,09-02-2025 01:00,0
TID000939,CH039,597.58,Retail,Chicago,09-02-2025 02:00,0
TID000940,CH040,2886.82,Retail,Houston,09-02-2025 03:00,0
TID000941,CH041,1377.54,Travel,Houston,09-02-2025 04:00,0
TID000942,CH042,2775.35,Retail,Chicago,09-02-2025 05:00,0
TID000943,CH043,3260.59,Restaurant,New York,09-02-2025 06:00,0
TID000944,CH044,4150.41,Retail,Houston,09-02-2025 07:00,0
TID000945,CH045,1040.04,Grocery,Phoenix,09-02-2025 08:00,0
TID000946,CH046,64.87,Travel,Los Angeles,09-02-2025 09:00,0
TID000947,CH047,693.06,Restaurant,New York,09-02-2025 10:00,0
TID000948,CH048,4501.09,Travel,Chicago,09-02-2025 11:00,0
TID000949,CH049,4370.71,Restaurant,Houston,09-02-2025 12:00,0
TID000950,CH050,2991.09,Restaurant,Los Angeles,09-02-2025 13:00,0
TID000951,CH051,3006.58,Grocery,Chicago,09-02-2025 14:00,0
TID000952,CH052,3328.53,Travel,Los Angeles,09-02-2025 15:00,0
TID000953,CH053,885.1,Retail,Phoenix,09-02-2025 16:00,0
TID000954,CH054,4572.92,Grocery,Phoenix,09-02-2025 17:00,0
TID000955,CH055,2099.66,Retail,Los Angeles,09-02-2025 18:00,1
TID000956,CH056,1921.86,Travel,Houston,09-02-2025 19:00,0
TID000957,CH057,2599.4,Travel,New York,09-02-2025 20:00,0
TID000958,CH058,244.36,Travel,Chicago,09-02-2025 21:00,0
TID000959,CH059,839.75,Retail,Houston,09-02-2025 22:00,0
TID000960,CH060,3692.79,Grocery,Phoenix,09-02-2025 23:00,0
TID000961,CH061,423.17,Travel,Phoenix,10-02-2025 00:00,0
TID000962,CH062,3019.73,Travel,Chicago,10-02-2025 01:00,0
TID000963,CH063,1234.29,Retail,Chicago,10-02-2025 02:00,0
TID000964,CH064,1952.59,Electronics,Los Angeles,10-02-2025 03:00,0
TID000965,CH065,1450.58,Travel,Phoenix,10-02-2025 04:00,0
TID000966,CH066,1784.81,Retail,Chicago,10-02-2025 05:00,0
TID000967,CH067,3598.04,Grocery,New York,10-02-2025 06:00,0
TID000968,CH068,1492.64,Restaurant,Houston,10-02-2025 07:00,0
TID000969,CH069,2836.36,Electronics,New York,10-02-2025 08:00,0
TID000970,CH070,2385.49,Electronics,Chicago,10-02-2025 09:00,0
TID000971,CH071,3321.72,Electronics,Los Angeles,10-02-2025 10:00,0
TID000972,CH072,4684.78,Electronics,Houston,10-02-2025 11:00,0
TID000973,CH073,3665.53,Retail,New York,10-02-2025 12:00,0
TID000974,CH074,1082.55,Electronics,Los Angeles,10-02-2025 13:00,0
TID000975,CH075,165.6,Travel,Phoenix,10-02-2025 14:00,0
TID000976,CH076,1318.7,Restaurant,Chicago,10-02-2025 15:00,0
TID000977,CH077,2979.44,Restaurant,Chicago,10-02-2025 16:00,0
TID000978,CH078,266.61,Restaurant,Los Angeles,10-02-2025 17:00,0
TID000979,CH079,2486.87,Retail,Houston,10-02-2025 18:00,0
TID000980,CH080,2988.25,Retail,Phoenix,10-02-2025 19:00,0
TID000981,CH081,1677.88,Electronics,Chicago,10-02-2025 20:00,0
TID000982,CH082,3856.85,Restaurant,Phoenix,10-02-2025 21:00,0
TID000983,CH083,541.93,Travel,New York,10-02-2025 22:00,0
TID000984,CH084,384.94,Restaurant,Chicago,10-02-2025 23:00,0
TID000985,CH085,3643.66,Restaurant,Houston,11-02-2025 00:00,0
TID000986,CH086,2482.5,Retail,Houston,11-02-2025 01:00,0
TID000987,CH087,3445.13,Travel,Phoenix,11-02-2025 02:00,0
TID000988,CH088,2179.79,Restaurant,Chicago,11-02-2025 03:00,0
TID000989,CH089,1239.55,Grocery,New York,11-02-2025 04:00,0
TID000990,CH090,4097.32,Retail,Chicago,11-02-2025 05:00,0
TID000991,CH091,3999.09,Retail,Los Angeles,11-02-2025 06:00,0
TID000992,CH092,3476.54,Retail,New York,11-02-2025 07:00,0
TID000993,CH093,1368,Grocery,Phoenix,11-02-2025 08:00,0
TID000994,CH094,2955.25,Electronics,Chicago,11-02-2025 09:00,0
TID000995,CH095,1811.26,Grocery,Phoenix,11-02-2025 10:00,0
TID000996,CH096,466.99,Grocery,Phoenix,11-02-2025 11:00,0
TID000997,CH097,4587.39,Travel,Chicago,11-02-2025 12:00,1
TID000998,CH098,692.72,Travel,Chicago,11-02-2025 13:00,0
TID000999,CH099,4751.68,Retail,Phoenix,11-02-2025 14:00,0
TID001000,CH000,2235.57,Restaurant,Phoenix,11-02-2025 15:00,0
